{"cameraMode":{"drawMode":0,"name":"Shaded","section":"Shading Mode"},"sceneLighting":true,"audioPlay":false,"sceneViewState":{"showFog":true,"showMaterialUpdate":false,"showSkybox":true,"showFlares":true,"showImageEffects":true,"showParticleSystems":true},"in2DMode":false,"pivot":{"x":-11.3870849609375,"y":21.4831485748291,"z":-6.956916809082031},"rotation":{"x":-0.009020103141665459,"y":-0.7986564040184021,"z":0.011984090320765973,"w":-0.6016186475753784},"size":36.79784393310547,"orthographic":false}